Asset #,Inscription #,Title,Description,Image,To,Inscription Link,deposit address,tokenId,vault owner,name,emblem link
1,642,Litecoin Punk #1 (Inscription 642),Litecoin Punk #1. Litecoin Punks are a collection of 100 early Litecoin Ordinals with inscriptions #642 to #834. , https://litecoin.earlyordies.com/content/f2b6adf7b2d0f128fb14817ff37f5f36e9176b17571e20c49871875553f937b4i0 ,0x696ed7b26f4B019CEeC78DC8b9140ad64A6f354B,https://litecoin.earlyordies.com/inscription/f2b6adf7b2d0f128fb14817ff37f5f36e9176b17571e20c49871875553f937b4i0,LSDz4fM4mLFyAZVoDuKyMHYq3af6cSZGSY,20281250639577561,0x696ed7b26f4B019CEeC78DC8b9140ad64A6f354B,Litecoin Punk #1 (Inscription #642),https://emblem.finance/nft?id=20281250639577561
2,643,Litecoin Punk #2 (Inscription 643),Litecoin Punk #2. Litecoin Punks are a collection of 100 early Litecoin Ordinals with inscriptions #642 to #834. , https://litecoin.earlyordies.com/content/1ae451bcb166f64068afac48f1a52de73c1e25412eb544582dc2edda2b50f863i0 ,0x667c8909E9635CB57c23f459ce6928B48bDB1Cf4,https://litecoin.earlyordies.com/inscription/1ae451bcb166f64068afac48f1a52de73c1e25412eb544582dc2edda2b50f863i0,LPh6zXmmgJ7ivwk83ETm1XrCS1TAoB5Lv4,29844513464450941,0x667c8909E9635CB57c23f459ce6928B48bDB1Cf4,Litecoin Punk #2 (Inscription #643),https://emblem.finance/nft?id=29844513464450941
3,644,Litecoin Punk #3 (Inscription 644),Litecoin Punk #3. Litecoin Punks are a collection of 100 early Litecoin Ordinals with inscriptions #642 to #834. ,https://litecoin.earlyordies.com/preview/d7f8a20dced73a87933a8db1518faac91a87fff926906fd8093c4b14cedbb2bbi0,0x5c18d25064b9abc166ec38d15408d5569176e8cd,https://litecoin.earlyordies.com/inscription/d7f8a20dced73a87933a8db1518faac91a87fff926906fd8093c4b14cedbb2bbi0,LZr2LrNdDMNDqeJrEWgi4jfR2pQyBs5x8m,70931082235964871,0x5c18d25064b9abc166ec38d15408d5569176e8cd,Litecoin Punk #3 (Inscription #644),https://emblem.finance/nft?id=70931082235964871
4,645,Litecoin Punk #4 (Inscription 645),Litecoin Punk #4. Litecoin Punks are a collection of 100 early Litecoin Ordinals with inscriptions #642 to #834. ,https://litecoin.earlyordies.com/preview/f86a86cf5a9986e0d3aad524b39440462a6801b198e5f1cf48e30b0269063334i0,0xBdCeFf23271FE066e605b1CF59229d40B5B6f6f2,https://litecoin.earlyordies.com/inscription/f86a86cf5a9986e0d3aad524b39440462a6801b198e5f1cf48e30b0269063334i0,LMTTtZDucCRASRkqJPdTEyViY12WFn6A9w,63800836303221251,0xBdCeFf23271FE066e605b1CF59229d40B5B6f6f2,Litecoin Punk #4 (Inscription #645),https://emblem.finance/nft?id=63800836303221251
5,646,Litecoin Punk #5 (Inscription 646),Litecoin Punk #5. Litecoin Punks are a collection of 100 early Litecoin Ordinals with inscriptions #642 to #834. ,https://litecoin.earlyordies.com/preview/183dde0a51b2716591d5c1b5ce81f1e51d5cd8704855603766fc5399c5d8d1aci0,0x4bC759514c57c1cb002324de8c4402c93fFfc70D,https://litecoin.earlyordies.com/inscription/183dde0a51b2716591d5c1b5ce81f1e51d5cd8704855603766fc5399c5d8d1aci0,LUfJmUCBT2bhYSw3Hhzna7TwmuhdagyHWy,46368632142043261,0x4bC759514c57c1cb002324de8c4402c93fFfc70D,Litecoin Punk #5 (Inscription #646),https://emblem.finance/nft?id=46368632142043261
6,647,Litecoin Punk #6 (Inscription 647),Litecoin Punk #6. Litecoin Punks are a collection of 100 early Litecoin Ordinals with inscriptions #642 to #834. ,https://litecoin.earlyordies.com/preview/caf88cf2c4c8cd373acc8524b8efa98d24aaaaab36bcd6c6506077850ff669d8i0,0xfb44496ef7CE7Dc94dA1Ec9F45115C80BBA1778D,https://litecoin.earlyordies.com/inscription/caf88cf2c4c8cd373acc8524b8efa98d24aaaaab36bcd6c6506077850ff669d8i0,LPBxdSXSXJc6YmpmyUGLJWNMSyMMzXAfMS,9925178501475441,0xfb44496ef7CE7Dc94dA1Ec9F45115C80BBA1778D,Litecoin Punk #6 (Inscription #647),https://emblem.finance/nft?id=9925178501475441
7,648,Litecoin Punk #7 (Inscription 648),Litecoin Punk #7. Litecoin Punks are a collection of 100 early Litecoin Ordinals with inscriptions #642 to #834. ,https://litecoin.earlyordies.com/preview/035e3640b266a3dd62802605a802df66fc6acbdb590a504cc5f8c2196e53b0a1i0,0x71DE9106a23F91d153510EA95E4E755d2956Cb32,https://litecoin.earlyordies.com/inscription/035e3640b266a3dd62802605a802df66fc6acbdb590a504cc5f8c2196e53b0a1i0,LSedDFogEvdZPhtwLpSnDYiBeNJsXjgUyi,71007361855274991,0x71DE9106a23F91d153510EA95E4E755d2956Cb32,Litecoin Punk #7 (Inscription #648),https://emblem.finance/nft?id=71007361855274991
8,649,Litecoin Punk #8 (Inscription 649),Litecoin Punk #8. Litecoin Punks are a collection of 100 early Litecoin Ordinals with inscriptions #642 to #834. ,https://litecoin.earlyordies.com/preview/a7dac1f3469a084c1c32ae7b0f65aaec9325841f0fc8f2651c3ebe0e499a7bb5i0,0x4bC759514c57c1cb002324de8c4402c93fFfc70D,https://litecoin.earlyordies.com/inscription/a7dac1f3469a084c1c32ae7b0f65aaec9325841f0fc8f2651c3ebe0e499a7bb5i0,LgUyRfi31UMiUyPR1NkPw39PaUQCCG74hL,21193707572166691,0x4bC759514c57c1cb002324de8c4402c93fFfc70D,Litecoin Punk #8 (Inscription #649),https://emblem.finance/nft?id=21193707572166691
9,650,Litecoin Punk #9 (Inscription 650),Litecoin Punk #9. Litecoin Punks are a collection of 100 early Litecoin Ordinals with inscriptions #642 to #834. ,https://litecoin.earlyordies.com/preview/b191006f721482e1d97a063f0f7a004944867b73592f7b19c9ee8a5ab14db6e3i0,0xD84ae17505E5f132644fE56B8b77A9D79cf8D927,https://litecoin.earlyordies.com/inscription/b191006f721482e1d97a063f0f7a004944867b73592f7b19c9ee8a5ab14db6e3i0,LKpuRWtfiBQ7bGRfu3hGUAuvVUhTANNWut,46920264390887131,0xD84ae17505E5f132644fE56B8b77A9D79cf8D927,Litecoin Punk #9 (Inscription #650),https://emblem.finance/nft?id=46920264390887131
10,651,Litecoin Punk #10 (Inscription 651),Litecoin Punk #10. Litecoin Punks are a collection of 100 early Litecoin Ordinals with inscriptions #642 to #834. ,https://litecoin.earlyordies.com/preview/e15e7f12a1b67d34a8e5672d0fa91bcccc6c43a4439cf605287aaf368b3b6ceci0,0x4bC759514c57c1cb002324de8c4402c93fFfc70D,https://litecoin.earlyordies.com/inscription/e15e7f12a1b67d34a8e5672d0fa91bcccc6c43a4439cf605287aaf368b3b6ceci0,LMcBDP9nWJNvMg5bWDTnf8SkMCXfeFqmHC,52673535408652941,0x4bC759514c57c1cb002324de8c4402c93fFfc70D,Litecoin Punk #10 (Inscription #651),https://emblem.finance/nft?id=52673535408652941
11,669,Litecoin Punk #11 (Inscription 669),Litecoin Punk #11. Litecoin Punks are a collection of 100 early Litecoin Ordinals with inscriptions #642 to #834. ,https://litecoin.earlyordies.com/preview/dffbc5042b35cacfdb5c1e6a98ab7ab801bc5cd1bfaf93cce9f3680356063026i0,0x4bC759514c57c1cb002324de8c4402c93fFfc70D,https://litecoin.earlyordies.com/inscription/dffbc5042b35cacfdb5c1e6a98ab7ab801bc5cd1bfaf93cce9f3680356063026i0,LetrDurG6ppdLC7e34zQaBiQeSzvi3o6c1,45361485458326841,0x4bC759514c57c1cb002324de8c4402c93fFfc70D,Litecoin Punk #11 (Inscription #669),https://emblem.finance/nft?id=45361485458326841
12,670,Litecoin Punk #12 (Inscription 670),Litecoin Punk #12. Litecoin Punks are a collection of 100 early Litecoin Ordinals with inscriptions #642 to #834. ,https://litecoin.earlyordies.com/preview/08b6bf0729ef096a97551787e9710dc7613aec44191336884e17603148752e1fi0,0xa9ecBF58262CbFc3d43302393Ed8785e58a12d59,https://litecoin.earlyordies.com/inscription/08b6bf0729ef096a97551787e9710dc7613aec44191336884e17603148752e1fi0,LTEJxdmNhNkbAkRvKonkmaNNtSVvPpeLoA,47580113364962821,0xa9ecBF58262CbFc3d43302393Ed8785e58a12d59,Litecoin Punk #12 (Inscription #670),https://emblem.finance/nft?id=47580113364962821
13,671,Litecoin Punk #13 (Inscription 671),Litecoin Punk #13. Litecoin Punks are a collection of 100 early Litecoin Ordinals with inscriptions #642 to #834. ,https://litecoin.earlyordies.com/preview/26a6feda4086ca165b6d83900548fac137d203062c5561ff78bae32a18e2542ei0,0x4bC759514c57c1cb002324de8c4402c93fFfc70D,https://litecoin.earlyordies.com/inscription/26a6feda4086ca165b6d83900548fac137d203062c5561ff78bae32a18e2542ei0,LYaGJEnRHTtGB3M88GNJ1sMGGzJZxXieUz,37430005745870341,0x4bC759514c57c1cb002324de8c4402c93fFfc70D,Litecoin Punk #13 (Inscription #671),https://emblem.finance/nft?id=37430005745870341
14,672,Litecoin Punk #14 (Inscription 672),Litecoin Punk #14. Litecoin Punks are a collection of 100 early Litecoin Ordinals with inscriptions #642 to #834. ,https://litecoin.earlyordies.com/preview/23835ee8c46d3fda44d85e6ad2a0bdb38638502e367d8af4a3d37f0e9f226756i0,0xE754b9be1f5997F530f889cea3Fc7744cdF4D86b,https://litecoin.earlyordies.com/inscription/23835ee8c46d3fda44d85e6ad2a0bdb38638502e367d8af4a3d37f0e9f226756i0,LTVn6neb9cwrhxp6hhr61AGUUKxaecAFVW,10796864245944791,0xE754b9be1f5997F530f889cea3Fc7744cdF4D86b,Litecoin Punk #14 (Inscription #672),https://emblem.finance/nft?id=10796864245944791
15,673,Litecoin Punk #15 (Inscription 673),Litecoin Punk #15. Litecoin Punks are a collection of 100 early Litecoin Ordinals with inscriptions #642 to #834. ,https://litecoin.earlyordies.com/preview/ebc07ae334fbd2753a32550dd28341af90c2219885b401a529307ed8f093fd17i0,0x4bC759514c57c1cb002324de8c4402c93fFfc70D,https://litecoin.earlyordies.com/inscription/ebc07ae334fbd2753a32550dd28341af90c2219885b401a529307ed8f093fd17i0,LPpVuYuyC8Hp7W4Gyq1duqWRHD2U59UTHB,21660511926196751,0x4bC759514c57c1cb002324de8c4402c93fFfc70D,Litecoin Punk #15 (Inscription #673),https://emblem.finance/nft?id=21660511926196751
16,674,Litecoin Punk #16 (Inscription 674),Litecoin Punk #16. Litecoin Punks are a collection of 100 early Litecoin Ordinals with inscriptions #642 to #834. ,https://litecoin.earlyordies.com/preview/332b1dbc6578ed4372fb5891233203716a0d6b54d95bca7a2d76e90323a508efi0,0x4bC759514c57c1cb002324de8c4402c93fFfc70D,https://litecoin.earlyordies.com/inscription/332b1dbc6578ed4372fb5891233203716a0d6b54d95bca7a2d76e90323a508efi0,LNYb5ENamRi7JZP5qo3BLQmuepPS4LbHm8,15675649612555151,0x4bC759514c57c1cb002324de8c4402c93fFfc70D,Litecoin Punk #16 (Inscription #674),https://emblem.finance/nft?id=15675649612555151
17,675,Litecoin Punk #17 (Inscription 675),Litecoin Punk #17. Litecoin Punks are a collection of 100 early Litecoin Ordinals with inscriptions #642 to #834. ,https://litecoin.earlyordies.com/preview/7adff31bd13d3583842c4d6bb48c280858250a706301412d64cc6bdd1ff65c76i0,0x51781AB8F1261749Eedd5331b8AC9C8302C53a97,https://litecoin.earlyordies.com/inscription/7adff31bd13d3583842c4d6bb48c280858250a706301412d64cc6bdd1ff65c76i0,LY9hmqChEnApuhX2jyzNDbN7ayznqVfQtm,30426600185165621,0x51781AB8F1261749Eedd5331b8AC9C8302C53a97,Litecoin Punk #17 (Inscription #675),https://emblem.finance/nft?id=30426600185165621
18,676,Litecoin Punk #18 (Inscription 676),Litecoin Punk #18. Litecoin Punks are a collection of 100 early Litecoin Ordinals with inscriptions #642 to #834. ,https://litecoin.earlyordies.com/preview/097c75cc30bfe10228aa0df6435ff6438102dc5f47a0a6e7dd574f68bfc170a7i0,0x696ed7b26f4B019CEeC78DC8b9140ad64A6f354B,https://litecoin.earlyordies.com/inscription/097c75cc30bfe10228aa0df6435ff6438102dc5f47a0a6e7dd574f68bfc170a7i0,LTRmqzgumqRS6MM2E2KzJVZE4tBMKAKeB7,54912149039283761,0x696ed7b26f4B019CEeC78DC8b9140ad64A6f354B,Litecoin Punk #18 (Inscription #676),https://emblem.finance/nft?id=54912149039283761
19,677,Litecoin Punk #19 (Inscription 677),Litecoin Punk #19. Litecoin Punks are a collection of 100 early Litecoin Ordinals with inscriptions #642 to #834. ,https://litecoin.earlyordies.com/preview/8c6fafb571385c7f33ece982946e9f1a722b838c91e472b94fcae58ad649bef5i0,0xa77826195B04076c39354aA2226533C3c4C7D4Ed,https://litecoin.earlyordies.com/inscription/8c6fafb571385c7f33ece982946e9f1a722b838c91e472b94fcae58ad649bef5i0,LeFDpuCQzsem2r74PaBXJVJNjdWVyV4saJ,50004750335763341,0xa77826195B04076c39354aA2226533C3c4C7D4Ed,Litecoin Punk #19 (Inscription #677),https://emblem.finance/nft?id=50004750335763341
20,678,Litecoin Punk #20 (Inscription 678),Litecoin Punk #20. Litecoin Punks are a collection of 100 early Litecoin Ordinals with inscriptions #642 to #834. ,https://litecoin.earlyordies.com/preview/f2eea57ffa618128244333043063e4c21daa178e356faf79f893c9133b887f3ei0,0x4bC759514c57c1cb002324de8c4402c93fFfc70D,https://litecoin.earlyordies.com/inscription/f2eea57ffa618128244333043063e4c21daa178e356faf79f893c9133b887f3ei0,LZ7XaCfvLJxiFbQNxBGP2oQtRcrgipqstY,40811208877171671,0x4bC759514c57c1cb002324de8c4402c93fFfc70D,Litecoin Punk #20 (Inscription #678),https://emblem.finance/nft?id=40811208877171671
21,696,Litecoin Punk #21 (Inscription 696),Litecoin Punk #21. Litecoin Punks are a collection of 100 early Litecoin Ordinals with inscriptions #642 to #834. ,https://litecoin.earlyordies.com/preview/18bcf9cb89cd40c2b0421a58845a209b98803c8f3ac1e3dc747b28085418d2e2i0,0x4bC759514c57c1cb002324de8c4402c93fFfc70D,https://litecoin.earlyordies.com/inscription/18bcf9cb89cd40c2b0421a58845a209b98803c8f3ac1e3dc747b28085418d2e2i0,LUejAne6jFLTrVVxmJQnR6AYG1kBwgXG1Q,7356347825134011,0x4bC759514c57c1cb002324de8c4402c93fFfc70D,Litecoin Punk #21 (Inscription #696),https://emblem.finance/nft?id=7356347825134011
22,697,Litecoin Punk #22 (Inscription 697),Litecoin Punk #22. Litecoin Punks are a collection of 100 early Litecoin Ordinals with inscriptions #642 to #834. ,https://litecoin.earlyordies.com/preview/46c1a748547cb50d46f3c9ff5eaa40e147b081930703094e001189237034c150i0,0x667c8909E9635CB57c23f459ce6928B48bDB1Cf4,https://litecoin.earlyordies.com/inscription/46c1a748547cb50d46f3c9ff5eaa40e147b081930703094e001189237034c150i0,LNyGhrbfb9bZFmNuWP8EFpDoVNc4tATyZE,57514215547964511,0x667c8909E9635CB57c23f459ce6928B48bDB1Cf4,Litecoin Punk #22 (Inscription #697),https://emblem.finance/nft?id=57514215547964511
23,698,Litecoin Punk #23 (Inscription 698),Litecoin Punk #23. Litecoin Punks are a collection of 100 early Litecoin Ordinals with inscriptions #642 to #834. ,https://litecoin.earlyordies.com/preview/077b524f2ebeb872b128f1da65c352f4b3d7bed6188cb01ef26ccaba317af5c6i0,0xc9F2F148D58972dFd737834024c0411d71E25681,https://litecoin.earlyordies.com/inscription/077b524f2ebeb872b128f1da65c352f4b3d7bed6188cb01ef26ccaba317af5c6i0,LTyAFb93cVNSwfMgUQsBPbSureRBU2dMqV,29539449209449501,0xc9F2F148D58972dFd737834024c0411d71E25681,Litecoin Punk #23 (Inscription #698),https://emblem.finance/nft?id=29539449209449501
24,699,Litecoin Punk #24 (Inscription 699),Litecoin Punk #24. Litecoin Punks are a collection of 100 early Litecoin Ordinals with inscriptions #642 to #834. ,https://litecoin.earlyordies.com/preview/353dceb8138bbc9ef232a984a2d903dda6b39ecba339115f88aaad3469015cfei0,0x4bC759514c57c1cb002324de8c4402c93fFfc70D,https://litecoin.earlyordies.com/inscription/353dceb8138bbc9ef232a984a2d903dda6b39ecba339115f88aaad3469015cfei0,LPoNYA7UosNU5gCtwS4W3UguJX5Qcutr7k,7389347868923771,0x4bC759514c57c1cb002324de8c4402c93fFfc70D,Litecoin Punk #24 (Inscription #699),https://emblem.finance/nft?id=7389347868923771
25,700,Litecoin Punk #25 (Inscription 700),Litecoin Punk #25. Litecoin Punks are a collection of 100 early Litecoin Ordinals with inscriptions #642 to #834. ,https://litecoin.earlyordies.com/preview/4952c417bebd6d4642ca497259819fcb8be60e35e4ab662993f1b04c165e8feai0,0x532502912f2eD5cDf033e280D94C05F1b99Ca15f,https://litecoin.earlyordies.com/inscription/4952c417bebd6d4642ca497259819fcb8be60e35e4ab662993f1b04c165e8feai0,LKXXV3jiKNzm85WfMo4vgLH3X5Q1A9qRnP,75195622446070321,0x532502912f2eD5cDf033e280D94C05F1b99Ca15f,Litecoin Punk #25 (Inscription #700),https://emblem.finance/nft?id=75195622446070321
26,701,Litecoin Punk #26 (Inscription 701),Litecoin Punk #26. Litecoin Punks are a collection of 100 early Litecoin Ordinals with inscriptions #642 to #834. ,https://litecoin.earlyordies.com/preview/68072f9ec41fa67072e878d9634716590411ec493a4915afd90ab0bf19572bbci0,0x7f314be00306b7ce9b186f437574e52b5dfb384c,https://litecoin.earlyordies.com/inscription/68072f9ec41fa67072e878d9634716590411ec493a4915afd90ab0bf19572bbci0,LaGZTg5P3mo6tqAXyYC9qRgDwEET1Js92n,17639271728841351,0x7f314be00306b7ce9b186f437574e52b5dfb384c,Litecoin Punk #26 (Inscription #701),https://emblem.finance/nft?id=17639271728841351
27,702,Litecoin Punk #27 (Inscription 702),Litecoin Punk #27. Litecoin Punks are a collection of 100 early Litecoin Ordinals with inscriptions #642 to #834. ,https://litecoin.earlyordies.com/preview/281eed0b78d6eba9775b9c2493d420eae18309619917402fe7049da389cd9e64i0,0x2513bf7540334eeF1733849c50FD41D598a46103,https://litecoin.earlyordies.com/inscription/281eed0b78d6eba9775b9c2493d420eae18309619917402fe7049da389cd9e64i0,LNdWndVSjC71pjDJMsGkFFs65REhjj8zQi,75078852375917871,0x2513bf7540334eeF1733849c50FD41D598a46103,Litecoin Punk #27 (Inscription #702),https://emblem.finance/nft?id=75078852375917871
28,703,Litecoin Punk #28 (Inscription 703),Litecoin Punk #28. Litecoin Punks are a collection of 100 early Litecoin Ordinals with inscriptions #642 to #834. ,https://litecoin.earlyordies.com/preview/48887c8427cda17b1c7eda1fa88a2980d884bd173ab5962af445ba1ef5813a6fi0,0x4bC759514c57c1cb002324de8c4402c93fFfc70D,https://litecoin.earlyordies.com/inscription/48887c8427cda17b1c7eda1fa88a2980d884bd173ab5962af445ba1ef5813a6fi0,LYwVee8BdEYsnbnp2AFvfh9e6UNknznU2e,86262233373959911,0x4bC759514c57c1cb002324de8c4402c93fFfc70D,Litecoin Punk #28 (Inscription #703),https://emblem.finance/nft?id=86262233373959911
29,704,Litecoin Punk #29 (Inscription 704),Litecoin Punk #29. Litecoin Punks are a collection of 100 early Litecoin Ordinals with inscriptions #642 to #834. ,https://litecoin.earlyordies.com/preview/3595efc6c41ee1c35e8d115070f686998fe8c6f11417e460f1f719355038c8e0i0,0xF48914FF6D77D2DdfECC7435e6c1cF972493BDeC,https://litecoin.earlyordies.com/inscription/3595efc6c41ee1c35e8d115070f686998fe8c6f11417e460f1f719355038c8e0i0,LgL4FAGfhwAC7HAH3zApL3QZ43ZnwBETq3,68559743613366761,0xF48914FF6D77D2DdfECC7435e6c1cF972493BDeC,Litecoin Punk #29 (Inscription #704),https://emblem.finance/nft?id=68559743613366761
30,705,Litecoin Punk #30 (Inscription 705),Litecoin Punk #30. Litecoin Punks are a collection of 100 early Litecoin Ordinals with inscriptions #642 to #834. ,https://litecoin.earlyordies.com/preview/60f137a86bcc10bb55d45ceff8a10405a0c1da778c5de3b8a3c010464e6b8b5ai0,0x4bC759514c57c1cb002324de8c4402c93fFfc70D,https://litecoin.earlyordies.com/inscription/60f137a86bcc10bb55d45ceff8a10405a0c1da778c5de3b8a3c010464e6b8b5ai0,LfiJYG5ZkNeqtM2PwwQVgsiik2tbm6E9AC,54877739376129291,0x4bC759514c57c1cb002324de8c4402c93fFfc70D,Litecoin Punk #30 (Inscription #705),https://emblem.finance/nft?id=54877739376129291
31,722,Litecoin Punk #31 (Inscription 722),Litecoin Punk #31. Litecoin Punks are a collection of 100 early Litecoin Ordinals with inscriptions #642 to #834. ,https://litecoin.earlyordies.com/preview/da7719ca8aa0f2e8ff6db1f2376bd71bbb092850a7ef618f96c7aad916233ccdi0,0x0bA6f23061051E70417315719a40e3e07f4108a5,https://litecoin.earlyordies.com/inscription/da7719ca8aa0f2e8ff6db1f2376bd71bbb092850a7ef618f96c7aad916233ccdi0,LMc56rB4kv9bUfQiuTNh6PcgBkvryYExW6,38215485034299411,0x0bA6f23061051E70417315719a40e3e07f4108a5,Litecoin Punk #31 (Inscription #722),https://emblem.finance/nft?id=38215485034299411
32,723,Litecoin Punk #32 (Inscription 723),Litecoin Punk #32. Litecoin Punks are a collection of 100 early Litecoin Ordinals with inscriptions #642 to #834. ,https://litecoin.earlyordies.com/preview/c88f79bc70e6cf98a9afe5e9ab1ac16f1cad0a289404217cbba0811b260d4c60i0,0x465F4F1c539a9821EdCa55A85901158A0cCeF443,https://litecoin.earlyordies.com/inscription/c88f79bc70e6cf98a9afe5e9ab1ac16f1cad0a289404217cbba0811b260d4c60i0,LUmuDSwMWLXYHj3GTAtXe7XqCbbc7CDDaZ,6939549253870171,0x465F4F1c539a9821EdCa55A85901158A0cCeF443,Litecoin Punk #32 (Inscription #723),https://emblem.finance/nft?id=6939549253870171
33,724,Litecoin Punk #33 (Inscription 724),Litecoin Punk #33. Litecoin Punks are a collection of 100 early Litecoin Ordinals with inscriptions #642 to #834. ,https://litecoin.earlyordies.com/preview/443aff7f6f57f1400e172d3d939777a24b1113c34eb4fc830b6a239f5a18f831i0,0x4BbdA1604DA7520CeffA7A7a3c92Eb088efeD52d,https://litecoin.earlyordies.com/inscription/443aff7f6f57f1400e172d3d939777a24b1113c34eb4fc830b6a239f5a18f831i0,LRHnBzNjXj9UzRJRMw2T72qWFXoW9oegUF,17113034522666281,0x4BbdA1604DA7520CeffA7A7a3c92Eb088efeD52d,Litecoin Punk #33 (Inscription #724),https://emblem.finance/nft?id=17113034522666281
34,725,Litecoin Punk #34 (Inscription 725),Litecoin Punk #34. Litecoin Punks are a collection of 100 early Litecoin Ordinals with inscriptions #642 to #834. ,https://litecoin.earlyordies.com/preview/b2cffd511a6196b315113b029c0d5eabd2c7b1fefa68af1ae5bdca4ed0766c1ai0,0xE7cc3F740aC93f7d0d712E5A21cb21556c6333A0,https://litecoin.earlyordies.com/inscription/b2cffd511a6196b315113b029c0d5eabd2c7b1fefa68af1ae5bdca4ed0766c1ai0,LPFwfzZw14Vx16f29zQdkBvDSXA4kj8R4x,14578746363867151,0xE7cc3F740aC93f7d0d712E5A21cb21556c6333A0,Litecoin Punk #34 (Inscription #725),https://emblem.finance/nft?id=14578746363867151
35,726,Litecoin Punk #35 (Inscription 726),Litecoin Punk #35. Litecoin Punks are a collection of 100 early Litecoin Ordinals with inscriptions #642 to #834. ,https://litecoin.earlyordies.com/preview/f9a50ff2c2271ea30f90f97529a669d97e55b26b5499ca868d2b4bd0190b5963i0,0x2aC12982E365c9d943341D13d5f09537B78d2972,https://litecoin.earlyordies.com/inscription/f9a50ff2c2271ea30f90f97529a669d97e55b26b5499ca868d2b4bd0190b5963i0,Lb8nQtyWK1Npu9cXYNKkBCqKpiorwGD1wF,34122108201456671,0x2aC12982E365c9d943341D13d5f09537B78d2972,Litecoin Punk #35 (Inscription #726),https://emblem.finance/nft?id=34122108201456671
36,727,Litecoin Punk #36 (Inscription 727),Litecoin Punk #36. Litecoin Punks are a collection of 100 early Litecoin Ordinals with inscriptions #642 to #834. ,https://litecoin.earlyordies.com/preview/38336032dbf461dde47aeec842faa1dc2412514ac2e1a6d7e44105408b3bcbf8i0,0xeE6311BbeF9F2cD1A0b4104b1B36105Fa415eC42,https://litecoin.earlyordies.com/inscription/38336032dbf461dde47aeec842faa1dc2412514ac2e1a6d7e44105408b3bcbf8i0,Le2Xp3JfpCyHpV6Fo3d8GMmNoJiQrfNbhX,86695570143522451,0xeE6311BbeF9F2cD1A0b4104b1B36105Fa415eC42,Litecoin Punk #36 (Inscription #727),https://emblem.finance/nft?id=86695570143522451
37,728,Litecoin Punk #37 (Inscription 728),Litecoin Punk #37. Litecoin Punks are a collection of 100 early Litecoin Ordinals with inscriptions #642 to #834. ,https://litecoin.earlyordies.com/preview/814229b8f446b89ceff8ae7ab4a0a6e2252de4e5841c68702c5ad2bc49f54730i0,0xd392a0d7Ee32b63bB19285d5bbbDCe35274520fe,https://litecoin.earlyordies.com/inscription/814229b8f446b89ceff8ae7ab4a0a6e2252de4e5841c68702c5ad2bc49f54730i0,LM6omXVVxFiALdsbF4Uqo4CuPNk5V2Ukmc,45698425690960841,0xd392a0d7Ee32b63bB19285d5bbbDCe35274520fe,Litecoin Punk #37 (Inscription #728),https://emblem.finance/nft?id=45698425690960841
38,729,Litecoin Punk #38 (Inscription 729),Litecoin Punk #38. Litecoin Punks are a collection of 100 early Litecoin Ordinals with inscriptions #642 to #834. ,https://litecoin.earlyordies.com/preview/53ffdee5dd96e15ba965891b133bf09afeea487c129c924d02dcf21a0c12f164i0,0xc9F2F148D58972dFd737834024c0411d71E25681,https://litecoin.earlyordies.com/inscription/53ffdee5dd96e15ba965891b133bf09afeea487c129c924d02dcf21a0c12f164i0,LbyZfWkVEg6FDff1uNJuru4x62dVEbWpZ6,300343702539941,0xc9F2F148D58972dFd737834024c0411d71E25681,Litecoin Punk #38 (Inscription #729),https://emblem.finance/nft?id=300343702539941
40,731,Litecoin Punk #40 (Inscription 731),Litecoin Punk #40. Litecoin Punks are a collection of 100 early Litecoin Ordinals with inscriptions #642 to #834. ,https://litecoin.earlyordies.com/preview/75c897868ba4b7afe357d0334e9cbc8afe18db6632dc0527ec1ee184a40855fci0,0x9cdcdb5011eb86cd758b6769c3a5143c040f2ad0,https://litecoin.earlyordies.com/inscription/75c897868ba4b7afe357d0334e9cbc8afe18db6632dc0527ec1ee184a40855fci0,LfqBx5mXufzxMW4EiGrV9ZUbMUbrMcqvfZ,76757891512377641,0x9cdcdb5011eb86cd758b6769c3a5143c040f2ad0,Litecoin Punk #40 (Inscription #731),https://emblem.finance/nft?id=76757891512377641
41,733,Litecoin Punk #41 (Inscription 733),Litecoin Punk #41. Litecoin Punks are a collection of 100 early Litecoin Ordinals with inscriptions #642 to #834. ,https://litecoin.earlyordies.com/preview/06c1f181ab2b4b4af84433759d4f44ae018965d5cc1477ba4e010139982791a3i0,0x03da37B4D9ecf8f2b553aF5242B8715aCD1A3CB5,https://litecoin.earlyordies.com/inscription/06c1f181ab2b4b4af84433759d4f44ae018965d5cc1477ba4e010139982791a3i0,LNmq2quWz4UBFu2FeiScmLmnbYCzvRGCVo,51202798015740211,0x03da37B4D9ecf8f2b553aF5242B8715aCD1A3CB5,Litecoin Punk #41 (Inscription #733),https://emblem.finance/nft?id=51202798015740211
42,734,Litecoin Punk #42 (Inscription 734),Litecoin Punk #42. Litecoin Punks are a collection of 100 early Litecoin Ordinals with inscriptions #642 to #834. ,https://litecoin.earlyordies.com/preview/8e0b19ec85e896af201b9de85bacedebc2693b8078df37f8a833f17941d2c1fei0,0x2EA83A4ebd81014013D84421D609c0A933eED543,https://litecoin.earlyordies.com/inscription/8e0b19ec85e896af201b9de85bacedebc2693b8078df37f8a833f17941d2c1fei0,Lb9TGaaUJq5SHwEx11pPAKk8LhTPWJ4JVJ,75167707389499911,0x2EA83A4ebd81014013D84421D609c0A933eED543,Litecoin Punk #42 (Inscription #734),https://emblem.finance/nft?id=75167707389499911
43,735,Litecoin Punk #43 (Inscription 735),Litecoin Punk #43. Litecoin Punks are a collection of 100 early Litecoin Ordinals with inscriptions #642 to #834. ,https://litecoin.earlyordies.com/preview/4ae69510ed28772a53b4e8379aeac43ae4c5e46fb9e9c0735550e08e5ea9808bi0,0xE7cc3F740aC93f7d0d712E5A21cb21556c6333A0,https://litecoin.earlyordies.com/inscription/4ae69510ed28772a53b4e8379aeac43ae4c5e46fb9e9c0735550e08e5ea9808bi0,LMSbr1Dg6X6vyHHrWQKBb3iPYM8wfQRRne,43372786956958901,0xE7cc3F740aC93f7d0d712E5A21cb21556c6333A0,Litecoin Punk #43 (Inscription #735),https://emblem.finance/nft?id=43372786956958901
44,736,Litecoin Punk #44 (Inscription 736),Litecoin Punk #44. Litecoin Punks are a collection of 100 early Litecoin Ordinals with inscriptions #642 to #834. ,https://litecoin.earlyordies.com/preview/f72f665fd872147570e8d568d0b788c19b994f255295ef74a386e55791c25e79i0,0xAA0E2ebFcF322e1DFFa308F5aa8ba3a45218Dff1,https://litecoin.earlyordies.com/inscription/f72f665fd872147570e8d568d0b788c19b994f255295ef74a386e55791c25e79i0,LgYF3RP8nJ6ygZxUfTTUdSE5GifShAovvo,20748392664637981,0xAA0E2ebFcF322e1DFFa308F5aa8ba3a45218Dff1,Litecoin Punk #44 (Inscription #736),https://emblem.finance/nft?id=20748392664637981
45,737,Litecoin Punk #45 (Inscription 737),Litecoin Punk #45. Litecoin Punks are a collection of 100 early Litecoin Ordinals with inscriptions #642 to #834. ,https://litecoin.earlyordies.com/preview/fb13a5f39eccee876433c81d0404037f1a3aff3bca4e840e8a4d6f256dcc880ai0,0x8b91FC90B38F0592460d34F5738f8cC3fE7d5708,https://litecoin.earlyordies.com/inscription/fb13a5f39eccee876433c81d0404037f1a3aff3bca4e840e8a4d6f256dcc880ai0,LXbTbeT4ZeP2JqDbpKuNKQnFHJYzXvqkru,5846389428084521,0x8b91FC90B38F0592460d34F5738f8cC3fE7d5708,Litecoin Punk #45 (Inscription #737),https://emblem.finance/nft?id=5846389428084521
46,738,Litecoin Punk #46 (Inscription 738),Litecoin Punk #46. Litecoin Punks are a collection of 100 early Litecoin Ordinals with inscriptions #642 to #834. ,https://litecoin.earlyordies.com/preview/610c994448af7399b8e101eb36ad075444fa7d29868949d4ad3e9ba244d4a3b9i0,0x696ed7b26f4B019CEeC78DC8b9140ad64A6f354B,https://litecoin.earlyordies.com/inscription/610c994448af7399b8e101eb36ad075444fa7d29868949d4ad3e9ba244d4a3b9i0,LWBU5pqCijibDYAQ17ra6UZcbk3Yb9bhTJ,14395128650818031,0x696ed7b26f4B019CEeC78DC8b9140ad64A6f354B,Litecoin Punk #46 (Inscription #738),https://emblem.finance/nft?id=14395128650818031
47,739,Litecoin Punk #47 (Inscription 739),Litecoin Punk #47. Litecoin Punks are a collection of 100 early Litecoin Ordinals with inscriptions #642 to #834. ,https://litecoin.earlyordies.com/preview/26698c27815f2b7a9ecca99208bd9c746a2af91aabdb7ba91b4a51da84ea4ecci0,0x667c8909E9635CB57c23f459ce6928B48bDB1Cf4,https://litecoin.earlyordies.com/inscription/26698c27815f2b7a9ecca99208bd9c746a2af91aabdb7ba91b4a51da84ea4ecci0,LWf7eHtS28t5o1qyEjZch9Yk2doqBkiGQg,43984843871913901,0x667c8909E9635CB57c23f459ce6928B48bDB1Cf4,Litecoin Punk #47 (Inscription #739),https://emblem.finance/nft?id=43984843871913901
48,740,Litecoin Punk #48 (Inscription 740),Litecoin Punk #48. Litecoin Punks are a collection of 100 early Litecoin Ordinals with inscriptions #642 to #834. ,https://litecoin.earlyordies.com/preview/14a106d98e010b2f17bf0b01c8c2310fae004c177c4a0aa24460d713d36e437ci0,0x667c8909E9635CB57c23f459ce6928B48bDB1Cf4,https://litecoin.earlyordies.com/inscription/14a106d98e010b2f17bf0b01c8c2310fae004c177c4a0aa24460d713d36e437ci0,LRVBQVvvSSs47zgYqzmM2qKDsEY2uMVGoJ,15554162369623131,0x667c8909E9635CB57c23f459ce6928B48bDB1Cf4,Litecoin Punk #48 (Inscription #740),https://emblem.finance/nft?id=15554162369623131
49,741,Litecoin Punk #49 (Inscription 741),Litecoin Punk #49. Litecoin Punks are a collection of 100 early Litecoin Ordinals with inscriptions #642 to #834. ,https://litecoin.earlyordies.com/preview/d202e08ef0dcaa527401970043524449430423743668ae5b14d2fb9b98f3ca43i0,0x666FAF401a321F446Ed1d68eD5D6aE257c4f2A63,https://litecoin.earlyordies.com/inscription/d202e08ef0dcaa527401970043524449430423743668ae5b14d2fb9b98f3ca43i0,LLXR1ScnowgdqQdM9WJq5bzXsx51ovqTok,41616485894701091,0x666FAF401a321F446Ed1d68eD5D6aE257c4f2A63,Litecoin Punk #49 (Inscription #741),https://emblem.finance/nft?id=41616485894701091
50,742,Litecoin Punk #50 (Inscription 742),Litecoin Punk #50. Litecoin Punks are a collection of 100 early Litecoin Ordinals with inscriptions #642 to #834. ,https://litecoin.earlyordies.com/preview/a2d36d3b77f81752d036aae9b06527e7fc25db90a2f594b82251593796b6c229i0,0xF48914FF6D77D2DdfECC7435e6c1cF972493BDeC,https://litecoin.earlyordies.com/inscription/a2d36d3b77f81752d036aae9b06527e7fc25db90a2f594b82251593796b6c229i0,LRHrticjghqcavfbmnRxgVWCuvRpNrpEF4,33361019337739641,0xF48914FF6D77D2DdfECC7435e6c1cF972493BDeC,Litecoin Punk #50 (Inscription #742),https://emblem.finance/nft?id=33361019337739641
51,744,Litecoin Punk #51 (Inscription 744),Litecoin Punk #51. Litecoin Punks are a collection of 100 early Litecoin Ordinals with inscriptions #642 to #834. ,https://litecoin.earlyordies.com/preview/44846a9a7a8459e085888f976dfaaa2407ad9fe13d7674b115e02fb61df709c7i0,0x667c8909E9635CB57c23f459ce6928B48bDB1Cf4,https://litecoin.earlyordies.com/inscription/44846a9a7a8459e085888f976dfaaa2407ad9fe13d7674b115e02fb61df709c7i0,LQggTNNxSS5LEvNNDfTDYDq8ECfjY2rJPL,83368502059261121,0x667c8909E9635CB57c23f459ce6928B48bDB1Cf4,Litecoin Punk #51 (Inscription #744),https://emblem.finance/nft?id=83368502059261121
52,745,Litecoin Punk #52 (Inscription 745),Litecoin Punk #52. Litecoin Punks are a collection of 100 early Litecoin Ordinals with inscriptions #642 to #834. ,https://litecoin.earlyordies.com/preview/3c4c1a6102aa7a9c8c45a4bb16b2b7e71eddca9a114624861fb4a541257c271ai0,0x66e93827e8a1661Dfd7537852a9CF17841b36a04,https://litecoin.earlyordies.com/inscription/3c4c1a6102aa7a9c8c45a4bb16b2b7e71eddca9a114624861fb4a541257c271ai0,LUZFk4jyEjZJiaDtGGHTY8ZuosRbxU775r,77595816942579731,0x667c8909E9635CB57c23f459ce6928B48bDB1Cf4,Litecoin Punk #52 (Inscription #745),https://emblem.finance/nft?id=77595816942579731
53,746,Litecoin Punk #53 (Inscription 746),Litecoin Punk #53. Litecoin Punks are a collection of 100 early Litecoin Ordinals with inscriptions #642 to #834. ,https://litecoin.earlyordies.com/preview/68295c40f978b85d2af6cc2440395dd689715c9d757ba64ac706624a47235d7ai0,0xeFAA6f1aBb9Bf1306E1a209Ce5eb674969a7f3a8,https://litecoin.earlyordies.com/inscription/68295c40f978b85d2af6cc2440395dd689715c9d757ba64ac706624a47235d7ai0,LTtNWvCSHJNnfwytLaHhqAt9Lpd7D2zQMy,42845970268424171,0xeFAA6f1aBb9Bf1306E1a209Ce5eb674969a7f3a8,Litecoin Punk #53 (Inscription #746),https://emblem.finance/nft?id=42845970268424171
54,747,Litecoin Punk #54 (Inscription 747),Litecoin Punk #54. Litecoin Punks are a collection of 100 early Litecoin Ordinals with inscriptions #642 to #834. ,https://litecoin.earlyordies.com/preview/6d010e7fb19211f9068b77d57b82a4336d0585cd8a99bd91d3170d3a3c9ff5f1i0,0x666FAF401a321F446Ed1d68eD5D6aE257c4f2A63,https://litecoin.earlyordies.com/inscription/6d010e7fb19211f9068b77d57b82a4336d0585cd8a99bd91d3170d3a3c9ff5f1i0,LbeMWbFLr45ucieX7xQiTVos4KUrmevCRj,3995680340645021,0x666FAF401a321F446Ed1d68eD5D6aE257c4f2A63,Litecoin Punk #54 (Inscription #747),https://emblem.finance/nft?id=3995680340645021
55,748,Litecoin Punk #55 (Inscription 748),Litecoin Punk #55. Litecoin Punks are a collection of 100 early Litecoin Ordinals with inscriptions #642 to #834. ,https://litecoin.earlyordies.com/preview/c2d0f84bf97c0feddc2ed1b34259d9550eb86faa72266fb3d1925f8558d01f65i0,0x666FAF401a321F446Ed1d68eD5D6aE257c4f2A63,https://litecoin.earlyordies.com/inscription/c2d0f84bf97c0feddc2ed1b34259d9550eb86faa72266fb3d1925f8558d01f65i0,LV6mGHjYhKiaKHSzcaknN8KARgP9jmrRFV,41361527055358321,0x666FAF401a321F446Ed1d68eD5D6aE257c4f2A63,Litecoin Punk #55 (Inscription #748),https://emblem.finance/nft?id=41361527055358321
56,749,Litecoin Punk #56 (Inscription 749),Litecoin Punk #56. Litecoin Punks are a collection of 100 early Litecoin Ordinals with inscriptions #642 to #834. ,https://litecoin.earlyordies.com/preview/cb31ec16869e17fb4c1a981eb764a48c4cce9ff64d8a0ae87e62be1e11b04969i0,0x667c8909E9635CB57c23f459ce6928B48bDB1Cf4,https://litecoin.earlyordies.com/inscription/cb31ec16869e17fb4c1a981eb764a48c4cce9ff64d8a0ae87e62be1e11b04969i0,LciiouovSCH9LdU9T8AXvevh6NzXu7Wofr,50878707924924511,0x667c8909E9635CB57c23f459ce6928B48bDB1Cf4,Litecoin Punk #56 (Inscription #749),https://emblem.finance/nft?id=50878707924924511
57,750,Litecoin Punk #57 (Inscription 750),Litecoin Punk #57. Litecoin Punks are a collection of 100 early Litecoin Ordinals with inscriptions #642 to #834. ,https://litecoin.earlyordies.com/preview/587540e8e7cd0816547c6936e608631adae668d13f4972f3ed019c8817654d6ai0,0x666FAF401a321F446Ed1d68eD5D6aE257c4f2A63,https://litecoin.earlyordies.com/inscription/587540e8e7cd0816547c6936e608631adae668d13f4972f3ed019c8817654d6ai0,LT8zqWMvayhBcEpCvG1RpBYk3az7HxL7Ms,5377000245674791,0x666FAF401a321F446Ed1d68eD5D6aE257c4f2A63,Litecoin Punk #57 (Inscription #750),https://emblem.finance/nft?id=5377000245674791
58,751,Litecoin Punk #58 (Inscription 751),Litecoin Punk #58. Litecoin Punks are a collection of 100 early Litecoin Ordinals with inscriptions #642 to #834. ,https://litecoin.earlyordies.com/preview/b773b7b88f1827b545feadf0165107cb23c7d58519b78efc515c1fb1b3dc1c2fi0,0x667c8909E9635CB57c23f459ce6928B48bDB1Cf4,https://litecoin.earlyordies.com/inscription/b773b7b88f1827b545feadf0165107cb23c7d58519b78efc515c1fb1b3dc1c2fi0,LhD44HLdNnnNdfRHnZDd5JwhumjQkyAbtB,85764491318551461,0x667c8909E9635CB57c23f459ce6928B48bDB1Cf4,Litecoin Punk #58 (Inscription #751),https://emblem.finance/nft?id=85764491318551461
59,752,Litecoin Punk #59 (Inscription 752),Litecoin Punk #59. Litecoin Punks are a collection of 100 early Litecoin Ordinals with inscriptions #642 to #834. ,https://litecoin.earlyordies.com/preview/1a793112888f46367f6b73ea87815ab1c3fa4173c9cf26b69f3e154cf860da29i0,0x696ed7b26f4B019CEeC78DC8b9140ad64A6f354B,https://litecoin.earlyordies.com/inscription/1a793112888f46367f6b73ea87815ab1c3fa4173c9cf26b69f3e154cf860da29i0,LQMGtBU2Zzk8di5ff2sKpBGYLLFFndRu5D,10657517196174101,0x696ed7b26f4B019CEeC78DC8b9140ad64A6f354B,Litecoin Punk #59 (Inscription #752),https://emblem.finance/nft?id=10657517196174101
60,753,Litecoin Punk #60 (Inscription 753),Litecoin Punk #60. Litecoin Punks are a collection of 100 early Litecoin Ordinals with inscriptions #642 to #834. ,https://litecoin.earlyordies.com/preview/0beeb912c1b9a3ca4544cba7635b29307fdedeea116fb97f4aab30fe27219833i0,0x47bFDB7a9a43b61D7111d68A2D680cc1d58eE088,https://litecoin.earlyordies.com/inscription/0beeb912c1b9a3ca4544cba7635b29307fdedeea116fb97f4aab30fe27219833i0,LddTerXmb6JYGQzWoCjAnvez8DjUwNJTvF,10339061338729041,0x47bFDB7a9a43b61D7111d68A2D680cc1d58eE088,Litecoin Punk #60 (Inscription #753),https://emblem.finance/nft?id=10339061338729041
62,758,Litecoin Punk #62 (Inscription 758),Litecoin Punk #62. Litecoin Punks are a collection of 100 early Litecoin Ordinals with inscriptions #642 to #834. ,https://litecoin.earlyordies.com/preview/ca277355c37e7fcee1a8386a77f5ecbed328975450bfd06ee54ca1709a7ec42ei0,0x27D2332D814131fc61D8c921BE2077A6f402D703,https://litecoin.earlyordies.com/inscription/ca277355c37e7fcee1a8386a77f5ecbed328975450bfd06ee54ca1709a7ec42ei0,LfGoHH4j927oRXTpRZGXusdsWvG8vSHpsx,3051935288504131,0x27D2332D814131fc61D8c921BE2077A6f402D703,Litecoin Punk #62 (Inscription #758),https://emblem.finance/nft?id=3051935288504131
63,759,Litecoin Punk #63 (Inscription 759),Litecoin Punk #63. Litecoin Punks are a collection of 100 early Litecoin Ordinals with inscriptions #642 to #834. ,https://litecoin.earlyordies.com/preview/4018a826f7970dede83f69f5a184477b42b64f4aa041a6fa7b612d25a443c0f1i0,0xD84ae17505E5f132644fE56B8b77A9D79cf8D927,https://litecoin.earlyordies.com/inscription/4018a826f7970dede83f69f5a184477b42b64f4aa041a6fa7b612d25a443c0f1i0,LcQtFpzwnGhN6fjksQHJGQ7xaSp2BJeNti,28190564976355121,0xD84ae17505E5f132644fE56B8b77A9D79cf8D927,Litecoin Punk #63 (Inscription #759),https://emblem.finance/nft?id=28190564976355121
64,760,Litecoin Punk #64 (Inscription 760),Litecoin Punk #64. Litecoin Punks are a collection of 100 early Litecoin Ordinals with inscriptions #642 to #834. ,https://litecoin.earlyordies.com/preview/25e1d5ddcf882053abf71504cedb362c1b02340e19683b319490278e89e74007i0,0x9F2B717dbe827de78E43C37B0d75B50A7dd2B625,https://litecoin.earlyordies.com/inscription/25e1d5ddcf882053abf71504cedb362c1b02340e19683b319490278e89e74007i0,LepFqdspuKEs5dfmdD6iFjUx9f8pAqENdp,81653619373275151,0x9F2B717dbe827de78E43C37B0d75B50A7dd2B625,Litecoin Punk #64 (Inscription #760),https://emblem.finance/nft?id=81653619373275151
65,761,Litecoin Punk #65 (Inscription 761),Litecoin Punk #65. Litecoin Punks are a collection of 100 early Litecoin Ordinals with inscriptions #642 to #834. ,https://litecoin.earlyordies.com/preview/2cab849804f1075c2992fcd396f4becba6478854e1cb1c571ad71b6f215bc3d6i0,0x9996859A767Da3A869b95BbeF7E4A6380215f663,https://litecoin.earlyordies.com/inscription/2cab849804f1075c2992fcd396f4becba6478854e1cb1c571ad71b6f215bc3d6i0,LLmbPPea5p91hYrzWnwWUXMgfRYsc5v5TM,9793702989433081,0x9996859A767Da3A869b95BbeF7E4A6380215f663,Litecoin Punk #65 (Inscription #761),https://emblem.finance/nft?id=9793702989433081
66,762,Litecoin Punk #66 (Inscription 762),Litecoin Punk #66. Litecoin Punks are a collection of 100 early Litecoin Ordinals with inscriptions #642 to #834. ,https://litecoin.earlyordies.com/preview/d072571824b5f85d5839f262e55ee7679fcbc7996cd09af1e3737039c6aad06ai0,0x47bFDB7a9a43b61D7111d68A2D680cc1d58eE088,https://litecoin.earlyordies.com/inscription/d072571824b5f85d5839f262e55ee7679fcbc7996cd09af1e3737039c6aad06ai0,LUhSLjM2jvdVLJxfzq798jVs52wfMXakSE,82833558157405361,0x47bFDB7a9a43b61D7111d68A2D680cc1d58eE088,Litecoin Punk #66 (Inscription #762),https://emblem.finance/nft?id=82833558157405361
67,763,Litecoin Punk #67 (Inscription 763),Litecoin Punk #67. Litecoin Punks are a collection of 100 early Litecoin Ordinals with inscriptions #642 to #834. ,https://litecoin.earlyordies.com/preview/497a688ab3667fc97b1be00863c58b3673da2ab156dea1ba9b5769fe68eb1169i0,0xE754b9be1f5997F530f889cea3Fc7744cdF4D86b,https://litecoin.earlyordies.com/inscription/497a688ab3667fc97b1be00863c58b3673da2ab156dea1ba9b5769fe68eb1169i0,LQUsMVxNLevhanGdAmnpeSmKkXL1gyjNoH,31731334806336171,0xE754b9be1f5997F530f889cea3Fc7744cdF4D86b,Litecoin Punk #67 (Inscription #763),https://emblem.finance/nft?id=31731334806336171
68,764,Litecoin Punk #68 (Inscription 764),Litecoin Punk #68. Litecoin Punks are a collection of 100 early Litecoin Ordinals with inscriptions #642 to #834. ,https://litecoin.earlyordies.com/preview/f4ed962636a2510afe20565ebfc22c1576cda91b44e287f3c4868fb1c247c8e8i0,0x27D2332D814131fc61D8c921BE2077A6f402D703,https://litecoin.earlyordies.com/inscription/f4ed962636a2510afe20565ebfc22c1576cda91b44e287f3c4868fb1c247c8e8i0,LKFkL3gVezkxWz6v4GtSvKUohwGPnpb5oS,75848437751469331,0x27D2332D814131fc61D8c921BE2077A6f402D703,Litecoin Punk #68 (Inscription #764),https://emblem.finance/nft?id=75848437751469331
69,765,Litecoin Punk #69 (Inscription 765),Litecoin Punk #69. Litecoin Punks are a collection of 100 early Litecoin Ordinals with inscriptions #642 to #834. ,https://litecoin.earlyordies.com/preview/7274ada1f7b82c7b090723c39266bc823e45a371dabcfb1f83d6a09448c7303di0,0xe04AC2Eb6231202B3138c0d05ff6fe4a41bfef34,https://litecoin.earlyordies.com/inscription/7274ada1f7b82c7b090723c39266bc823e45a371dabcfb1f83d6a09448c7303di0,LNTuoTKbCUJtS8rQ7ZBCFj6VZ92XxBQhkQ,43864773105863261,0xe04AC2Eb6231202B3138c0d05ff6fe4a41bfef34,Litecoin Punk #69 (Inscription #765),https://emblem.finance/nft?id=43864773105863261
70,766,Litecoin Punk #70 (Inscription 766),Litecoin Punk #70. Litecoin Punks are a collection of 100 early Litecoin Ordinals with inscriptions #642 to #834. ,https://litecoin.earlyordies.com/preview/44046b9a2265520ff75dfd21741736c40ba67d64977758d0183f14c8979e8dcdi0,0x1F7a68FccCCF5C473a66fb8E2A53bdA0F2fEe73F,https://litecoin.earlyordies.com/inscription/44046b9a2265520ff75dfd21741736c40ba67d64977758d0183f14c8979e8dcdi0,LhAeWEdfQpe9svJ58RzCaf6fUYX81FJ9si,12934986309172201,0x1F7a68FccCCF5C473a66fb8E2A53bdA0F2fEe73F,Litecoin Punk #70 (Inscription #766),https://emblem.finance/nft?id=12934986309172201
71,772,Litecoin Punk #71 (Inscription 772),Litecoin Punk #71. Litecoin Punks are a collection of 100 early Litecoin Ordinals with inscriptions #642 to #834. ,https://litecoin.earlyordies.com/preview/db90ac18f0d8645440c945c1709c08226992c5a8cb300912212a8f3a3bb02619i0,0xD84ae17505E5f132644fE56B8b77A9D79cf8D927,https://litecoin.earlyordies.com/inscription/db90ac18f0d8645440c945c1709c08226992c5a8cb300912212a8f3a3bb02619i0,LZkshdBGnjxktidqMdHF6tdgga5JmJgV1Y,27274064224697881,0xD84ae17505E5f132644fE56B8b77A9D79cf8D927,Litecoin Punk #71 (Inscription #772),https://emblem.finance/nft?id=27274064224697881
72,773,Litecoin Punk #72 (Inscription 773),Litecoin Punk #72. Litecoin Punks are a collection of 100 early Litecoin Ordinals with inscriptions #642 to #834. ,https://litecoin.earlyordies.com/preview/93d0d44db7d3b6667fb19c90e548134e009ad42e32fc3879e80c5e32305ad1a4i0,0x010edafa8a3c464413a680a1f6a7115b4ee4c74d,https://litecoin.earlyordies.com/inscription/93d0d44db7d3b6667fb19c90e548134e009ad42e32fc3879e80c5e32305ad1a4i0,LboiqeFWyCeeEHaqGWDoSaqnXi8tRRK9rS,61717951640505761,0x010edafa8a3c464413a680a1f6a7115b4ee4c74d,Litecoin Punk #72 (Inscription #773),https://emblem.finance/nft?id=61717951640505761
73,774,Litecoin Punk #73 (Inscription 774),Litecoin Punk #73. Litecoin Punks are a collection of 100 early Litecoin Ordinals with inscriptions #642 to #834. ,https://litecoin.earlyordies.com/preview/da0a49d4ef1f3ea608c59655504aec17ff3776589478184ea235356c2b321206i0,0x46a63d3be1140557e4d20adc7102d13443e298c9,https://litecoin.earlyordies.com/inscription/da0a49d4ef1f3ea608c59655504aec17ff3776589478184ea235356c2b321206i0,LTeBNqWMdyhJGoXgjP2FPgtgqcPCYs9g5g,76572757692808431,0x46a63d3be1140557e4d20adc7102d13443e298c9,Litecoin Punk #73 (Inscription #774),https://emblem.finance/nft?id=76572757692808431
74,775,Litecoin Punk #74 (Inscription 775),Litecoin Punk #74. Litecoin Punks are a collection of 100 early Litecoin Ordinals with inscriptions #642 to #834. ,https://litecoin.earlyordies.com/preview/892de400e6526da7f43693b9f62bf50e717f9f5e355932ec3df04c60a62f5054i0,0x667c8909E9635CB57c23f459ce6928B48bDB1Cf4,https://litecoin.earlyordies.com/inscription/892de400e6526da7f43693b9f62bf50e717f9f5e355932ec3df04c60a62f5054i0,LZL9oJec9PxNWA5X9sg8ZtGmFExTfsUHoi,19222729799456811,0x667c8909E9635CB57c23f459ce6928B48bDB1Cf4,Litecoin Punk #74 (Inscription #775),https://emblem.finance/nft?id=19222729799456811
75,776,Litecoin Punk #75 (Inscription 776),Litecoin Punk #75. Litecoin Punks are a collection of 100 early Litecoin Ordinals with inscriptions #642 to #834. ,https://litecoin.earlyordies.com/preview/e4ed77343308860827c69681232ba427bdd807a3db71bcb8c9c181f089f87358i0,0xE754b9be1f5997F530f889cea3Fc7744cdF4D86b,https://litecoin.earlyordies.com/inscription/e4ed77343308860827c69681232ba427bdd807a3db71bcb8c9c181f089f87358i0,LMxWb1kRSGM6Lw8niAEyiC5ex1jfW7TZAY,38494387629379341,0xE754b9be1f5997F530f889cea3Fc7744cdF4D86b,Litecoin Punk #75 (Inscription #776),https://emblem.finance/nft?id=38494387629379341
76,777,Litecoin Punk #76 (Inscription 777),Litecoin Punk #76. Litecoin Punks are a collection of 100 early Litecoin Ordinals with inscriptions #642 to #834. ,https://litecoin.earlyordies.com/preview/d99b7293c9ec9a12d87f16b565d6ead53e86ea0b7a61f6c5ad7ed08205a912cbi0,0xAEB27A64cdEE1AA56D49e45F26A3A8b736B97899,https://litecoin.earlyordies.com/inscription/d99b7293c9ec9a12d87f16b565d6ead53e86ea0b7a61f6c5ad7ed08205a912cbi0,LYffDwZYC3oVruCWHAV4wJnGYXcxRZz8RQ,80983709942486891,0xAEB27A64cdEE1AA56D49e45F26A3A8b736B97899,Litecoin Punk #76 (Inscription #777),https://emblem.finance/nft?id=80983709942486891
77,778,Litecoin Punk #77 (Inscription 778),Litecoin Punk #77. Litecoin Punks are a collection of 100 early Litecoin Ordinals with inscriptions #642 to #834. ,https://litecoin.earlyordies.com/preview/a166594915a5dc57a3993660120145a8a401678b1cbddb395d20a823bf00605ai0,0x7335ce9EedE1f9d8940657B0d8a01080d3B5eA9A,https://litecoin.earlyordies.com/inscription/a166594915a5dc57a3993660120145a8a401678b1cbddb395d20a823bf00605ai0,LVDod7fr8JaZZvCyP4GGqw6grRrhWKGog7,15536647082795831,0x7335ce9EedE1f9d8940657B0d8a01080d3B5eA9A,Litecoin Punk #77 (Inscription #778),https://emblem.finance/nft?id=15536647082795831
78,779,Litecoin Punk #78 (Inscription 779),Litecoin Punk #78. Litecoin Punks are a collection of 100 early Litecoin Ordinals with inscriptions #642 to #834. ,https://litecoin.earlyordies.com/preview/23e7b1b01b939c0dd501e93c6b3d8050b58a4e4f8328a93ac5c46f69910157eei0,0xb7Fe9f58e952481F3d8C1F209F9f7E4BB040A846,https://litecoin.earlyordies.com/inscription/23e7b1b01b939c0dd501e93c6b3d8050b58a4e4f8328a93ac5c46f69910157eei0,LPq7P6sQcFbzDkyNHzwevywbSSrx6yYW3V,75584726611701621,0xb7Fe9f58e952481F3d8C1F209F9f7E4BB040A846,Litecoin Punk #78 (Inscription #779),https://emblem.finance/nft?id=75584726611701621
79,780,Litecoin Punk #79 (Inscription 780),Litecoin Punk #79. Litecoin Punks are a collection of 100 early Litecoin Ordinals with inscriptions #642 to #834. ,https://litecoin.earlyordies.com/preview/c080b12c2d6fd01663727d6c02904640f704cb40b248b4eca6a485cc3470e466i0,0x696ed7b26f4B019CEeC78DC8b9140ad64A6f354B,https://litecoin.earlyordies.com/inscription/c080b12c2d6fd01663727d6c02904640f704cb40b248b4eca6a485cc3470e466i0,LfQ31QwAYRMtc44eaxeay3xDZ7UydTqSde,2120378525723541,0x696ed7b26f4B019CEeC78DC8b9140ad64A6f354B,Litecoin Punk #79 (Inscription #780),https://emblem.finance/nft?id=2120378525723541
80,781,Litecoin Punk #80 (Inscription 781),Litecoin Punk #80. Litecoin Punks are a collection of 100 early Litecoin Ordinals with inscriptions #642 to #834. ,https://litecoin.earlyordies.com/preview/cf6ec9a0d727008b5e4f48216da281a25030c836fd52e3d8464124042ada41f3i0,0x98e98B93c4B9b4560468EFc62D4b5774764b0975,https://litecoin.earlyordies.com/inscription/cf6ec9a0d727008b5e4f48216da281a25030c836fd52e3d8464124042ada41f3i0,LbB2HDp3HUVDVaAwMvwVSLgeVaDzx1U7ZC,18818213568375781,0x98e98B93c4B9b4560468EFc62D4b5774764b0975,Litecoin Punk #80 (Inscription #781),https://emblem.finance/nft?id=18818213568375781
81,789,Litecoin Punk #81 (Inscription 789),Litecoin Punk #81. Litecoin Punks are a collection of 100 early Litecoin Ordinals with inscriptions #642 to #834. ,https://litecoin.earlyordies.com/preview/e7cc470e7238abc81e6413bf3dc68da76a0f00a0a034b7c5639082f27fc2bce4i0,0xf15ca677751ecc1dfc67b9067dd90b8c9e26fe0f,https://litecoin.earlyordies.com/inscription/e7cc470e7238abc81e6413bf3dc68da76a0f00a0a034b7c5639082f27fc2bce4i0,LNWKcGNUCDaNY6vVDHtWqp9hbytakTDWiF,81063662134221801,0xf15ca677751ecc1dfc67b9067dd90b8c9e26fe0f,Litecoin Punk #81 (Inscription #789),https://emblem.finance/nft?id=81063662134221801
82,790,Litecoin Punk #82 (Inscription 790),Litecoin Punk #82. Litecoin Punks are a collection of 100 early Litecoin Ordinals with inscriptions #642 to #834. ,https://litecoin.earlyordies.com/preview/bb1d3da7400109b18aa1897aa729c9898e1690359d713f9b1310e1b4b5220e6bi0,0xD84ae17505E5f132644fE56B8b77A9D79cf8D927,https://litecoin.earlyordies.com/inscription/bb1d3da7400109b18aa1897aa729c9898e1690359d713f9b1310e1b4b5220e6bi0,LLgqmiVTFCagaM7REZaGXzof8RLvtuhuuJ,25160493828612381,0xD84ae17505E5f132644fE56B8b77A9D79cf8D927,Litecoin Punk #82 (Inscription #790),https://emblem.finance/nft?id=25160493828612381
83,791,Litecoin Punk #83 (Inscription 791),Litecoin Punk #83. Litecoin Punks are a collection of 100 early Litecoin Ordinals with inscriptions #642 to #834. ,https://litecoin.earlyordies.com/preview/334dfc7ee77e307f28d5ae17a1769f10ca69f5bcc01f2e65e9ce19bd9631bc2fi0,0x31529d22FC85E31e0974a486f6cd7e056DC848f6,https://litecoin.earlyordies.com/inscription/334dfc7ee77e307f28d5ae17a1769f10ca69f5bcc01f2e65e9ce19bd9631bc2fi0,LbPDrW6J1C4ntSaJPggqZR3PbiHuwiNhP7,61619786877495811,0x31529d22FC85E31e0974a486f6cd7e056DC848f6,Litecoin Punk #83 (Inscription #791),https://emblem.finance/nft?id=61619786877495811
84,792,Litecoin Punk #84 (Inscription 792),Litecoin Punk #84. Litecoin Punks are a collection of 100 early Litecoin Ordinals with inscriptions #642 to #834. ,https://litecoin.earlyordies.com/preview/26739706de7450f3c673f39b6094921a74a2f8648da8878d305fe7563494ac42i0,0x465F4F1c539a9821EdCa55A85901158A0cCeF443,https://litecoin.earlyordies.com/inscription/26739706de7450f3c673f39b6094921a74a2f8648da8878d305fe7563494ac42i0,LT1AA4nyvWCnwEGajPeqXr5zpcYxuEvNJV,37206760004434751,0x465F4F1c539a9821EdCa55A85901158A0cCeF443,Litecoin Punk #84 (Inscription #792),https://emblem.finance/nft?id=37206760004434751
85,793,Litecoin Punk #85 (Inscription 793),Litecoin Punk #85. Litecoin Punks are a collection of 100 early Litecoin Ordinals with inscriptions #642 to #834. ,https://litecoin.earlyordies.com/preview/7240007cb1690d04c4d9453eb0b822f1052ac0ec7f9ba9f6be31ad630ef03a52i0,0xf06f54a0708Db827A4d42576EFBdcCAD81cB5a2C,https://litecoin.earlyordies.com/inscription/7240007cb1690d04c4d9453eb0b822f1052ac0ec7f9ba9f6be31ad630ef03a52i0,LQns67xepPpccfJEHiTVDDRDVfLPv5Z8WD,57157722307449821,0xf06f54a0708Db827A4d42576EFBdcCAD81cB5a2C,Litecoin Punk #85 (Inscription #793),https://emblem.finance/nft?id=57157722307449821
86,794,Litecoin Punk #86 (Inscription 794),Litecoin Punk #86. Litecoin Punks are a collection of 100 early Litecoin Ordinals with inscriptions #642 to #834. ,https://litecoin.earlyordies.com/preview/c1de8e63299d277dcfec39c5d3104986208efb87de111c536f70737c48c6e480i0,0x0e02387D4f8d1006ED61Ff5cAa83Bf294a06661F,https://litecoin.earlyordies.com/inscription/c1de8e63299d277dcfec39c5d3104986208efb87de111c536f70737c48c6e480i0,LUdGx2MBZgwdVsowdVNkxRewmwg2oAPHHs,36717439910454871,0x0e02387D4f8d1006ED61Ff5cAa83Bf294a06661F,Litecoin Punk #86 (Inscription #794),https://emblem.finance/nft?id=36717439910454871
87,795,Litecoin Punk #87 (Inscription 795),Litecoin Punk #87. Litecoin Punks are a collection of 100 early Litecoin Ordinals with inscriptions #642 to #834. ,https://litecoin.earlyordies.com/preview/0ee969e2c8ba5838e06f8180a7be525886977130de653159645ce4e83112f68di0,0x7982500Dd4A06905EAE0F27B106bB3efBF014222,https://litecoin.earlyordies.com/inscription/0ee969e2c8ba5838e06f8180a7be525886977130de653159645ce4e83112f68di0,LY7Swbedps3rqtgxr2W2DNNJMqg2EDQTRD,65765064293675371,0x7982500Dd4A06905EAE0F27B106bB3efBF014222,Litecoin Punk #87 (Inscription #795),https://emblem.finance/nft?id=65765064293675371
88,796,Litecoin Punk #88 (Inscription 796),Litecoin Punk #88. Litecoin Punks are a collection of 100 early Litecoin Ordinals with inscriptions #642 to #834. ,https://litecoin.earlyordies.com/preview/69f018ac0c67a323f593a85020d5a8963cecd60916d63200c11825d77b326900i0,0x814c1DF10596e865b9D4Fc611928f032b0161204,https://litecoin.earlyordies.com/inscription/69f018ac0c67a323f593a85020d5a8963cecd60916d63200c11825d77b326900i0,LVdE4Vpsw18bkeSQgHJhL245it2kyEvSKy,55513870256722471,0x814c1DF10596e865b9D4Fc611928f032b0161204,Litecoin Punk #88 (Inscription #796),https://emblem.finance/nft?id=55513870256722471
89,797,Litecoin Punk #89 (Inscription 797),Litecoin Punk #89. Litecoin Punks are a collection of 100 early Litecoin Ordinals with inscriptions #642 to #834. ,https://litecoin.earlyordies.com/preview/cedadc64498f81420994c97d7b9a01e9a31c57146f03b514f89fbc7a75d238c0i0,0x667c8909E9635CB57c23f459ce6928B48bDB1Cf4,https://litecoin.earlyordies.com/inscription/cedadc64498f81420994c97d7b9a01e9a31c57146f03b514f89fbc7a75d238c0i0,Lb6iQfoMq6CVE7gB8guLFohwJfmkniso7Z,32213996785136711,0x667c8909E9635CB57c23f459ce6928B48bDB1Cf4,Litecoin Punk #89 (Inscription #797),https://emblem.finance/nft?id=32213996785136711
90,798,Litecoin Punk #90 (Inscription 798),Litecoin Punk #90. Litecoin Punks are a collection of 100 early Litecoin Ordinals with inscriptions #642 to #834. ,https://litecoin.earlyordies.com/preview/77412dce88f5a2010646d09bffb97fdc5134c58e37f16cc665b4c872853bc911i0,0xD84ae17505E5f132644fE56B8b77A9D79cf8D927,https://litecoin.earlyordies.com/inscription/77412dce88f5a2010646d09bffb97fdc5134c58e37f16cc665b4c872853bc911i0,Lah1CLQYdJohemUrtbbHyxfEovjZjYmbEa,41858487310057191,0xD84ae17505E5f132644fE56B8b77A9D79cf8D927,Litecoin Punk #90 (Inscription #798),https://emblem.finance/nft?id=41858487310057191
91,825,Litecoin Punk #91 (Inscription 825),Litecoin Punk #91. Litecoin Punks are a collection of 100 early Litecoin Ordinals with inscriptions #642 to #834. ,https://litecoin.earlyordies.com/preview/f94ee7a6c0afe1b6d250c2e34fabc847fbdb23e93a01f98dc6400b491142679fi0,0x8e83285ccf982Fb22d5AFC99F5b013c9738Be1Df,https://litecoin.earlyordies.com/inscription/f94ee7a6c0afe1b6d250c2e34fabc847fbdb23e93a01f98dc6400b491142679fi0,LLK9boFURbj6TPMkATdQZGSK1C7SqYhwdQ,84645550499045021,0x8e83285ccf982Fb22d5AFC99F5b013c9738Be1Df,Litecoin Punk #91 (Inscription #825),https://emblem.finance/nft?id=84645550499045021
92,826,Litecoin Punk #92 (Inscription 826),Litecoin Punk #92. Litecoin Punks are a collection of 100 early Litecoin Ordinals with inscriptions #642 to #834. ,https://litecoin.earlyordies.com/preview/5b1d1a138a4b76f42fc873e8577273d842a9b23014c64a178c380e1c2d203c55i0,0x293aD80d5Fe0bB5d77C6aEBb6745d30828C4A830,https://litecoin.earlyordies.com/inscription/5b1d1a138a4b76f42fc873e8577273d842a9b23014c64a178c380e1c2d203c55i0,Ld7jJSvUcXcAeeYtyvipUT6g9PKEajc1jT,6836039420835971,0x293aD80d5Fe0bB5d77C6aEBb6745d30828C4A830,Litecoin Punk #92 (Inscription #826),https://emblem.finance/nft?id=6836039420835971
93,827,Litecoin Punk #93 (Inscription 827),Litecoin Punk #93. Litecoin Punks are a collection of 100 early Litecoin Ordinals with inscriptions #642 to #834. ,https://litecoin.earlyordies.com/preview/38d90256db2107a0bd918aca64e976b4c1d942f61828df51bfa21c53e0066d77i0,0x19579581ecd74d73C5d9fc69623F8730D85c2D2E,https://litecoin.earlyordies.com/inscription/38d90256db2107a0bd918aca64e976b4c1d942f61828df51bfa21c53e0066d77i0,LT3pamiVeQ31SmK37HNVHxxGwK7Ek8VdGX,59335825055938021,0x19579581ecd74d73C5d9fc69623F8730D85c2D2E,Litecoin Punk #93 (Inscription #827),https://emblem.finance/nft?id=59335825055938021
94,828,Litecoin Punk #94 (Inscription 828),Litecoin Punk #94. Litecoin Punks are a collection of 100 early Litecoin Ordinals with inscriptions #642 to #834. ,https://litecoin.earlyordies.com/preview/b4efd958e52f6b282823837cd00c2f576d1e50d621bce63be653e63129d8a809i0,0xD84ae17505E5f132644fE56B8b77A9D79cf8D927,https://litecoin.earlyordies.com/inscription/b4efd958e52f6b282823837cd00c2f576d1e50d621bce63be653e63129d8a809i0,LhEisQ8jrv6vKQg9VkCmfjF46K9kVE51aA,40699288459101531,0xD84ae17505E5f132644fE56B8b77A9D79cf8D927,Litecoin Punk #94 (Inscription #828),https://emblem.finance/nft?id=40699288459101531
95,829,Litecoin Punk #95 (Inscription 829),Litecoin Punk #95. Litecoin Punks are a collection of 100 early Litecoin Ordinals with inscriptions #642 to #834. ,https://litecoin.earlyordies.com/preview/200aec9e9bfb34bfd86ae08ec22dec2a9c25a55acb01c7482a53772641115b52i0,0x19579581ecd74d73C5d9fc69623F8730D85c2D2E,https://litecoin.earlyordies.com/inscription/200aec9e9bfb34bfd86ae08ec22dec2a9c25a55acb01c7482a53772641115b52i0,LSNmJHTfTVHyk2eAB3J4NGG6xQ6RaqRRXH,37219202594869541,0x19579581ecd74d73C5d9fc69623F8730D85c2D2E,Litecoin Punk #95 (Inscription #829),https://emblem.finance/nft?id=37219202594869541
96,830,Litecoin Punk #96 (Inscription 830),Litecoin Punk #96. Litecoin Punks are a collection of 100 early Litecoin Ordinals with inscriptions #642 to #834. ,https://litecoin.earlyordies.com/preview/83a6cf800377ba81ff1ad9f76c2e1412f45a45d70715eba5423a995f568a52aci0,0x19579581ecd74d73C5d9fc69623F8730D85c2D2E,https://litecoin.earlyordies.com/inscription/83a6cf800377ba81ff1ad9f76c2e1412f45a45d70715eba5423a995f568a52aci0,LaDmPKL3ATe9yPwTgzKvyULC3WHn1Uhomd,15530552842242571,0x19579581ecd74d73C5d9fc69623F8730D85c2D2E,Litecoin Punk #96 (Inscription #830),https://emblem.finance/nft?id=15530552842242571
97,831,Litecoin Punk #97 (Inscription 831),Litecoin Punk #97. Litecoin Punks are a collection of 100 early Litecoin Ordinals with inscriptions #642 to #834. ,https://litecoin.earlyordies.com/preview/8653e81ba5608e42432b9b3f7151e9212f3a91c16c134a45ae0d5c413fef19cfi0,0x19579581ecd74d73C5d9fc69623F8730D85c2D2E,https://litecoin.earlyordies.com/inscription/8653e81ba5608e42432b9b3f7151e9212f3a91c16c134a45ae0d5c413fef19cfi0,LTqAZ4f6k7rpawAvVowRPZ5CLxqBoEiVH9,10697032179622881,0x19579581ecd74d73C5d9fc69623F8730D85c2D2E,Litecoin Punk #97 (Inscription #831),https://emblem.finance/nft?id=10697032179622881
98,832,Litecoin Punk #98 (Inscription 832),Litecoin Punk #98. Litecoin Punks are a collection of 100 early Litecoin Ordinals with inscriptions #642 to #834. ,https://litecoin.earlyordies.com/preview/9b039e9e72bb5974267825e68e8a0b5b42b78b192e422d22d8e49282286290cbi0,0x814c1DF10596e865b9D4Fc611928f032b0161204,https://litecoin.earlyordies.com/inscription/9b039e9e72bb5974267825e68e8a0b5b42b78b192e422d22d8e49282286290cbi0,LMaUb1sCDcAkbCuiaveTLiNxfmBHDEud4P,72777755268190761,0x814c1DF10596e865b9D4Fc611928f032b0161204,Litecoin Punk #98 (Inscription #832),https://emblem.finance/nft?id=72777755268190761
99,833,Litecoin Punk #99 (Inscription 833),Litecoin Punk #99. Litecoin Punks are a collection of 100 early Litecoin Ordinals with inscriptions #642 to #834. ,https://litecoin.earlyordies.com/preview/e1bc6c77345c487d2cc17c764f4ed7582b606b461eb6deb7aba2eee2db96c7fai0,0xc9F2F148D58972dFd737834024c0411d71E25681,https://litecoin.earlyordies.com/inscription/e1bc6c77345c487d2cc17c764f4ed7582b606b461eb6deb7aba2eee2db96c7fai0,LQzjhRJZuJWVH63KEdci3LcGDDKPMYYDBS,73774335757032351,0xc9F2F148D58972dFd737834024c0411d71E25681,Litecoin Punk #99 (Inscription #833),https://emblem.finance/nft?id=73774335757032351
100,834,Litecoin Punk #100 (Inscription 834),Litecoin Punk #100. Litecoin Punks are a collection of 100 early Litecoin Ordinals with inscriptions #642 to #834. ,https://litecoin.earlyordies.com/preview/ad01ede5ba8bc5c20366155fe0828fc3fb4e18649702939db2f898cd4d7e91f5i0,0xcf06dFddb69dc2635D9D5E3586d935211443020B,https://litecoin.earlyordies.com/inscription/ad01ede5ba8bc5c20366155fe0828fc3fb4e18649702939db2f898cd4d7e91f5i0,LXi5FseVNTC14RQE1fRURPrek5oSWHhpPJ,27502669751051301,0xcf06dFddb69dc2635D9D5E3586d935211443020B,Litecoin Punk #100 (Inscription #834),https://emblem.finance/nft?id=27502669751051301